testgroup,reference,relative_support,time_pca,time_edist_test,P,P_adj
Trametinib_24,control,0.6439169139465876,0.4588189125061035,42.86302709579468,5e-05,0.000149992500125
Trametinib_6,control,1.0,0.4588189125061035,42.86302709579468,5e-05,0.000149992500125
