testgroup,reference,relative_support,time_pca,time_edist_test,P,P_adj,total_RAM
BRD3379_24,control,0.6925465838509317,0.3599977493286133,19.780210494995117,0.0001,0.000299970001,0.7
BRD3379_6,control,1.0,0.3599977493286133,19.780210494995117,0.0001,0.000299970001,0.7
