testgroup,reference,relative_support,time_pca,time_edist_test,P,P_adj,total_RAM
BRD3379_24,control,0.7518248175182481,1.1231415271759033,18.485438346862793,0.0001,0.000299970001,1.1
BRD3379_6,control,1.0,1.1231415271759033,18.485438346862793,0.0001,0.000299970001,1.1
