testgroup,reference,relative_support,time_pca,time_edist_test,P,P_adj,total_RAM
1,control,0.2049883086515978,8.271113157272339,41439.55836772919,0.0001,0.000299970001,10.3
2,control,0.283915077365959,8.271113157272339,41439.55836772919,0.0001,0.000299970001,10.3
