testgroup,reference,relative_support,time_pca,time_edist_test,P,P_adj
Idasanutlin_24,control,0.9097472924187726,0.4272480010986328,45.75640273094177,5e-05,0.000149992500125
Idasanutlin_6,control,1.0,0.4272480010986328,45.75640273094177,5e-05,0.000149992500125
