testgroup,reference,relative_support,time_pca,time_edist_test,P,P_adj,total_RAM
withdraw_15d_Cocaine,Maintenance_Cocaine,0.6334661354581673,0.41695690155029297,32.672494649887085,0.0001,0.000299970001,0.8
withdraw_48h_Cocaine,Maintenance_Cocaine,1.0,0.41695690155029297,32.672494649887085,0.0001,0.000299970001,0.8
