testgroup,reference,relative_support,time_pca,time_edist_test,P,P_adj,total_RAM
Trametinib_24,control,0.6439169139465876,0.35224127769470215,19.507983922958374,0.0001,0.000299970001,1.2
Trametinib_6,control,1.0,0.35224127769470215,19.507983922958374,0.0001,0.000299970001,1.2
