testgroup,reference,relative_support,time_pca,time_edist_test,P,P_adj
1,control,0.2049883086515978,7.856322526931763,74698.57279586792,5e-05,0.000149992500125
2,control,0.283915077365959,7.856322526931763,74698.57279586792,5e-05,0.000149992500125
