testgroup,reference,relative_support,time_pca,time_edist_test,P,P_adj
withdraw_48h_Cocaine,Maintenance_Cocaine,0.7888888888888889,0.5321300029754639,43.798110246658325,5e-05,0.000149992500125
withdraw_15d_Cocaine,Maintenance_Cocaine,1.0,0.5321300029754639,43.798110246658325,5e-05,0.000149992500125
