testgroup,reference,relative_support,time_pca,time_edist_test,P,P_adj
withdraw_15d_Cocaine,Maintenance_Cocaine,0.6334661354581673,0.3777620792388916,102.81488060951233,5e-05,0.000149992500125
withdraw_48h_Cocaine,Maintenance_Cocaine,1.0,0.3777620792388916,102.81488060951233,5e-05,0.000149992500125
