testgroup,reference,relative_support,time_pca,time_edist_test,P,P_adj
Idasanutlin_24,control,1,0.47654247283935547,83.40082454681396,5e-05,0.000149992500125
Idasanutlin_6,control,1,0.47654247283935547,83.40082454681396,5e-05,0.000149992500125
