testgroup,reference,relative_support,time_pca,time_edist_test,P,P_adj
withdraw_15d_Cocaine,Maintenance_Cocaine,1,0.4664578437805176,44.62237024307251,5e-05,0.000149992500125
withdraw_48h_Cocaine,Maintenance_Cocaine,1,0.4664578437805176,44.62237024307251,5e-05,0.000149992500125
