testgroup,reference,relative_support,time_pca,time_edist_test,P,P_adj
D2.5,control,1,2.32012677192688,39494.27959728241,5e-05,0.00029996250249990624
D3,control,1,2.32012677192688,39494.27959728241,5e-05,0.00029996250249990624
D5.5,control,1,2.32012677192688,39494.27959728241,5e-05,0.00029996250249990624
D4.5,control,1,2.32012677192688,39494.27959728241,5e-05,0.00029996250249990624
D5,control,1,2.32012677192688,39494.27959728241,5e-05,0.00029996250249990624
