testgroup,reference,relative_support,time_pca,time_edist_test,P,P_adj
D9,control,1,4.076097726821899,24946.418754339218,5e-05,0.0004998875149986875
D8.5,control,1,4.076097726821899,24946.418754339218,5e-05,0.0004998875149986875
D17,control,1,4.076097726821899,24946.418754339218,5e-05,0.0004998875149986875
D14.5,control,1,4.076097726821899,24946.418754339218,5e-05,0.0004998875149986875
D16,control,1,4.076097726821899,24946.418754339218,5e-05,0.0004998875149986875
D10,control,1,4.076097726821899,24946.418754339218,5e-05,0.0004998875149986875
D6.5,control,1,4.076097726821899,24946.418754339218,5e-05,0.0004998875149986875
D11,control,1,4.076097726821899,24946.418754339218,5e-05,0.0004998875149986875
D12,control,1,4.076097726821899,24946.418754339218,5e-05,0.0004998875149986875
