testgroup,reference,relative_support,time_pca,time_edist_test,P,P_adj
D10.5,control,1,1.286395788192749,7012.586535692215,0.0001,0.0007997200559930007
D12.5,control,1,1.286395788192749,7012.586535692215,0.0001,0.0007997200559930007
D13.5,control,1,1.286395788192749,7012.586535692215,0.0001,0.0007997200559930007
D11.5,control,1,1.286395788192749,7012.586535692215,0.0001,0.0007997200559930007
D1.5,control,1,1.286395788192749,7012.586535692215,0.0001,0.0007997200559930007
D9.5,control,1,1.286395788192749,7012.586535692215,0.0001,0.0007997200559930007
D13,control,1,1.286395788192749,7012.586535692215,0.0001,0.0007997200559930007
