testgroup,reference,relative_support,time_pca,time_edist_test,P,P_adj
D9,control,1,2.368506669998169,14795.358147382736,0.0001,0.0009995501199790025
D8.5,control,1,2.368506669998169,14795.358147382736,0.0001,0.0009995501199790025
D17,control,1,2.368506669998169,14795.358147382736,0.0001,0.0009995501199790025
D14.5,control,1,2.368506669998169,14795.358147382736,0.0001,0.0009995501199790025
D16,control,1,2.368506669998169,14795.358147382736,0.0001,0.0009995501199790025
D10,control,1,2.368506669998169,14795.358147382736,0.0001,0.0009995501199790025
D6.5,control,1,2.368506669998169,14795.358147382736,0.0001,0.0009995501199790025
D11,control,1,2.368506669998169,14795.358147382736,0.0001,0.0009995501199790025
D12,control,1,2.368506669998169,14795.358147382736,0.0001,0.0009995501199790025
