testgroup,reference,relative_support,time_pca,time_edist_test,P,P_adj
withdraw_15d_Cocaine,Maintenance_Cocaine,1,1.7851619720458984,3218.496687889099,5e-05,0.000149992500125
withdraw_48h_Cocaine,Maintenance_Cocaine,1,1.7851619720458984,3218.496687889099,5e-05,0.000149992500125
