testgroup,reference,relative_support,time_pca,time_edist_test,P,P_adj
Idasanutlin_24,control,1,0.6011643409729004,45.478885650634766,0.0001,0.000299970001
Idasanutlin_6,control,1,0.6011643409729004,45.478885650634766,0.0001,0.000299970001
