testgroup,reference,relative_support,time_pca,time_edist_test,P,P_adj
withdraw_15d_Cocaine,Maintenance_Cocaine,1,1.6756532192230225,1576.2364661693573,0.0001,0.000299970001
withdraw_48h_Cocaine,Maintenance_Cocaine,1,1.6756532192230225,1576.2364661693573,0.0001,0.000299970001
