testgroup,reference,relative_support,time_pca,time_edist_test,P,P_adj
D15,control,1,4.673778772354126,18522.39973092079,0.0001,0.0008996400839874014
D17.5,control,1,4.673778772354126,18522.39973092079,0.0001,0.0008996400839874014
D15.5,control,1,4.673778772354126,18522.39973092079,0.0001,0.0008996400839874014
D14,control,1,4.673778772354126,18522.39973092079,0.0001,0.0008996400839874014
D7.5,control,1,4.673778772354126,18522.39973092079,0.0001,0.0008996400839874014
D18,control,1,4.673778772354126,18522.39973092079,0.0001,0.0008996400839874014
D7,control,1,4.673778772354126,18522.39973092079,0.0001,0.0008996400839874014
D16.5,control,1,4.673778772354126,18522.39973092079,0.0001,0.0008996400839874014
