testgroup,reference,relative_support,time_pca,time_edist_test,P,P_adj
BRD3379_24,control,1,0.5371334552764893,26.67628026008606,0.0001,0.000299970001
BRD3379_6,control,1,0.5371334552764893,26.67628026008606,0.0001,0.000299970001
