testgroup,reference,relative_support,time_pca,time_edist_test,P,P_adj
BRD3379_24,control,1,0.5337038040161133,53.50121188163757,5e-05,0.000149992500125
BRD3379_6,control,1,0.5337038040161133,53.50121188163757,5e-05,0.000149992500125
