testgroup,reference,relative_support,time_pca,time_edist_test,P,P_adj
withdraw_15d_Cocaine,Maintenance_Cocaine,1,0.3055281639099121,24.301987171173096,0.0001,0.000299970001
withdraw_48h_Cocaine,Maintenance_Cocaine,1,0.3055281639099121,24.301987171173096,0.0001,0.000299970001
