testgroup,reference,relative_support,time_pca,time_edist_test,P,P_adj
D15,control,1,4.922398090362549,36594.73005318642,5e-05,0.00044991001049921254
D17.5,control,1,4.922398090362549,36594.73005318642,5e-05,0.00044991001049921254
D15.5,control,1,4.922398090362549,36594.73005318642,5e-05,0.00044991001049921254
D14,control,1,4.922398090362549,36594.73005318642,5e-05,0.00044991001049921254
D7.5,control,1,4.922398090362549,36594.73005318642,5e-05,0.00044991001049921254
D18,control,1,4.922398090362549,36594.73005318642,5e-05,0.00044991001049921254
D7,control,1,4.922398090362549,36594.73005318642,5e-05,0.00044991001049921254
D16.5,control,1,4.922398090362549,36594.73005318642,5e-05,0.00044991001049921254
