testgroup,reference,relative_support,time_pca,time_edist_test,P,P_adj
D2,control,1,2.267092227935791,63959.76378965378,5e-05,0.00029996250249990624
D8,control,1,2.267092227935791,63959.76378965378,5e-05,0.00029996250249990624
D4,control,1,2.267092227935791,63959.76378965378,5e-05,0.00029996250249990624
D3.5,control,1,2.267092227935791,63959.76378965378,5e-05,0.00029996250249990624
D6,control,1,2.267092227935791,63959.76378965378,5e-05,0.00029996250249990624
