testgroup,reference,relative_support,time_pca,time_edist_test,P,P_adj
D10.5,control,1,1.1583924293518066,14174.524014472961,5e-05,0.0003999300069995625
D12.5,control,1,1.1583924293518066,14174.524014472961,5e-05,0.0003999300069995625
D13.5,control,1,1.1583924293518066,14174.524014472961,5e-05,0.0003999300069995625
D11.5,control,1,1.1583924293518066,14174.524014472961,5e-05,0.0003999300069995625
D1.5,control,1,1.1583924293518066,14174.524014472961,5e-05,0.0003999300069995625
D9.5,control,1,1.1583924293518066,14174.524014472961,5e-05,0.0003999300069995625
D13,control,1,1.1583924293518066,14174.524014472961,5e-05,0.0003999300069995625
