testgroup,reference,relative_support,time_test,P,total_RAM
Idasanutlin_24,control,1.0,6.987921237945557,5.873725588336344e-11,0.4
Idasanutlin_6,control,0.9989304812834224,0.6641364097595215,2.6102034673189003e-32,0.4
