testgroup,reference,relative_support,time_test,P,total_RAM
BRD3379_24,control,0.9986357435197817,6.0393452644348145,7.100693654005631e-69,0.0
BRD3379_6,control,0.9968454258675079,0.4444911479949951,9.387059076048986e-16,0.0
