testgroup,reference,relative_support,time_test,P,total_RAM,perturbation_strength
BRD3379_24,control,0.9986320109439124,5.719238519668579,1.0390681003020419e-45,0.4,2
BRD3379_6,control,0.9984917043740573,0.45613789558410645,9.700819548843745e-20,0.4,1
