testgroup,reference,relative_support,time_test,P,total_RAM,perturbation_strength
BRD3379_24,control,1.0,5.4720587730407715,4.2543686976799e-40,0.0,2
BRD3379_6,control,0.9981515711645101,0.4044027328491211,1.6889791345984362e-08,0.0,1
