,test_group,reference,#DEGs,time
0,1,0,5371,106.38786363601685
1,2,0,4263,76.06022548675537
