,test_group,reference,#DEGs,time
1,Trametinib_6,0,3528,19.957557916641235
0,Trametinib_24,0,3991,36.65937256813049
