,test_group,reference,#DEGs,time
1,6,0,3551,20.990291833877563
0,24,0,1815,32.462493658065796
