,test_group,reference,#DEGs,time
0,1,0,5794,149.83994102478027
1,2,0,6817,135.68905115127563
