,test_group,reference,#DEGs,time
1,Idasanutlin_6,0,3551,20.990291833877563
0,Idasanutlin_24,0,1815,32.462493658065796
