,test_group,reference,#DEGs,time
1,BRD3379_6,0,4543,24.520443201065063
0,BRD3379_24,0,3763,31.954456329345703
