,test_group,reference,#DEGs,time
0,1,0,5564,108.60324096679688
1,2,0,4483,78.894846200943
