,test_group,reference,#DEGs,time
1,6,0,4808,27.124589443206787
0,24,0,4195,34.17111301422119
