,test_group,reference,#DEGs,time
1,6,0,4833,26.96291446685791
0,24,0,3128,33.352989196777344
