,test_group,reference,#DEGs,time
1,BRD3379_6,0,4833,26.96291446685791
0,BRD3379_24,0,3128,33.352989196777344
