,test_group,reference,#DEGs,time
0,1,0,5161,90.641592502594
1,2,0,4196,72.66238021850586
