,test_group,reference,#DEGs,time
0,1,0,1133,15.548270463943481
1,2,0,1895,17.548216104507446
