,test_group,reference,#DEGs,time
1,1,0,1064,9.437714576721191
0,2,0,1983,17.824859857559204
