,test_group,reference,#DEGs,time
1,1,0,3090,45.151647329330444
0,2,0,4545,48.625908851623535
