,test_group,reference,#DEGs,time
0,2,0,0,13.349845170974731
1,1,0,0,6.534717559814453
