,test_group,reference,#DEGs,time
0,2,0,0,71.37358808517456
1,1,0,0,62.58528256416321
