,test_group,reference,#DEGs,time
0,1,0,0,13.969853401184082
1,2,0,0,18.17661213874817
