testgroup,reference,relative_support,time_pca,time_edist_test,P,P_adj,total_RAM
withdraw_15d_Cocaine,Maintenance_Cocaine,0.26393819168928795,1.1300711631774902,297.4816837310791,0.0001,0.000299970001,1.5
withdraw_48h_Cocaine,Maintenance_Cocaine,0.7488151658767772,1.1300711631774902,297.4816837310791,0.0001,0.000299970001,1.5
