testgroup,reference,relative_support,time_pca,time_edist_test,P,P_adj,total_RAM
BRD3379_24,control,0.6790540540540541,0.3584303855895996,18.15487551689148,0.0001,0.000299970001,0.8
BRD3379_6,control,1.0,0.3584303855895996,18.15487551689148,0.0001,0.000299970001,0.8
