testgroup,reference,relative_support,time_pca,time_edist_test,P,P_adj,total_RAM
1,0,0.2552366175329713,0.8507943153381348,20.374953746795654,0.0001,0.000299970001,2.1
2,0,1.0,0.8507943153381348,20.374953746795654,0.0001,0.000299970001,2.1
