testgroup,reference,relative_support,time_pca,time_edist_test,P,P_adj,total_RAM
Idasanutlin_24,control,0.9097472924187726,0.6669127941131592,20.516501426696777,0.0001,0.000299970001,1.3
Idasanutlin_6,control,1.0,0.6669127941131592,20.516501426696777,0.0001,0.000299970001,1.3
