testgroup,reference,relative_support,time_pca,time_edist_test,P,P_adj,total_RAM
1,0,0.12074947952810548,0.9148406982421875,21.617828130722046,0.0001,0.000299970001,2.1
2,0,1.0,0.9148406982421875,21.617828130722046,0.0001,0.000299970001,2.1
