testgroup,reference,relative_support,time_pca,time_edist_test,P,P_adj,total_RAM
1,0,0.08359391286220555,1.1315772533416748,24.73597526550293,0.0001,0.000299970001,2.1
2,0,1.0,1.1315772533416748,24.73597526550293,0.0001,0.000299970001,2.1
