,augur,wilcoxon,deseq2_100,edgeR_100,deseq2_200,edgeR_200,split_1,test_group
1.0,0.4843877551020407,104,5,102,0.0,45.0,10,withdraw_15d_Cocaine
1.0,0.4758503401360544,55,9,68,0.0,59.0,30,withdraw_15d_Cocaine
1.0,0.5087301587301587,60,15,113,,,50,withdraw_15d_Cocaine
1.0,0.5026530612244897,64,9,83,1.0,75.0,10,withdraw_48h_Cocaine
1.0,0.4868253968253968,55,25,126,6.0,92.0,30,withdraw_48h_Cocaine
1.0,0.4823015873015873,77,20,118,9.0,104.0,50,withdraw_48h_Cocaine
