,augur,wilcoxon,deseq2_100,edgeR_100,deseq2_200,edgeR_200,deseq2_500,edgeR_500,split_1,test_group
1.0,0.5123242630385487,94,72,119,66,109,51,87,50,withdraw_15d_Cocaine
1.0,0.48858276643990933,104,85,128,78,113,66,101,30,withdraw_15d_Cocaine
1.0,0.504920634920635,104,202,263,203,170,154,138,10,withdraw_15d_Cocaine
1.0,0.4962358276643991,86,157,184,129,137,86,95,10,withdraw_48h_Cocaine
1.0,0.5134467120181405,246,100,118,86,109,46,88,30,withdraw_48h_Cocaine
1.0,0.5240362811791384,143,51,95,35,80,19,70,50,withdraw_48h_Cocaine
