split_1,test_group,augur,wilcoxon,deseq2_100,edgeR_100,deseq2_200,edgeR_200,Edist_padj
10,withdraw_15d_Cocaine,0.5123242630385487,104,202,263,203,170,0.1958
30,withdraw_15d_Cocaine,0.4885827664399093,104,85,128,78,113,0.3235
50,withdraw_15d_Cocaine,0.504920634920635,94,72,119,66,109,0.7312
10,withdraw_48h_Cocaine,0.4962358276643991,86,157,184,129,137,0.1237
30,withdraw_48h_Cocaine,0.5134467120181405,246,100,118,86,109,0.001
50,withdraw_48h_Cocaine,0.5240362811791384,143,51,95,35,80,0.0425
