,augur,wilcoxon,deseq2_100,edgeR_100,deseq2_200,edgeR_200,split_1,test_group
1.0,0.5001473922902495,78,18,100,26,113,10,withdraw_48h_Cocaine
1.0,0.5150340136054422,70,20,128,15,84,30,withdraw_48h_Cocaine
1.0,0.476485260770975,60,15,87,5,58,50,withdraw_48h_Cocaine
1.0,0.5143537414965986,73,63,179,88,178,10,withdraw_15d_Cocaine
1.0,0.4850113378684807,70,25,94,18,55,30,withdraw_15d_Cocaine
1.0,0.4985714285714286,78,35,88,25,65,50,withdraw_15d_Cocaine
