split_1,test_group,augur,wilcoxon,deseq2_100,edgeR_100,deseq2_200,edgeR_200,Edist_padj
10,Trametinib_24,0.514750566893424,77,93,228,23.0,75.0,0.2666
30,Trametinib_24,0.5178571428571429,101,49,115,21.0,125.0,0.2396
50,Trametinib_24,0.5018253968253968,83,59,117,28.0,118.0,0.7187
10,Trametinib_6,0.4661111111111111,81,16,110,0.0,60.0,0.8495
30,Trametinib_6,0.4925736961451247,67,11,85,,,0.2864
50,Trametinib_6,0.5303174603174604,76,19,79,1.0,31.0,0.2314
