split_1,test_group,augur,wilcoxon,deseq2_100,edgeR_100,deseq2_200,edgeR_200,Edist_padj
10,BRD3379_24,0.4942517006802721,58,60,145,39,155,0.6332
30,BRD3379_24,0.509501133786848,79,36,118,28,125,0.6173
50,BRD3379_24,0.4995691609977324,60,48,136,32,156,0.9664
10,BRD3379_6,0.5178458049886622,141,24,101,7,60,0.0808
30,BRD3379_6,0.484172335600907,57,19,74,4,46,0.2445
50,BRD3379_6,0.5034920634920634,55,5,63,1,38,0.4248
