,augur,wilcoxon,deseq2_100,edgeR_100,deseq2_200,edgeR_200,split_1,test_group
1.0,0.514750566893424,77,93,228,23.0,75.0,10,Trametinib_24
1.0,0.5178571428571429,101,49,115,21.0,125.0,30,Trametinib_24
1.0,0.5018253968253968,83,59,117,28.0,118.0,50,Trametinib_24
1.0,0.4661111111111111,81,16,110,0.0,60.0,10,Trametinib_6
1.0,0.4925736961451247,67,11,85,,,30,Trametinib_6
1.0,0.5303174603174604,76,19,79,1.0,31.0,50,Trametinib_6
