split_1,test_group,augur,wilcoxon,deseq2_100,edgeR_100,deseq2_200,edgeR_200,Edist_padj
10,BRD3379_24,0.4594784580498866,63,65,104,39.0,199.0,0.2973
30,BRD3379_24,0.463922902494331,76,33,115,20.0,116.0,0.426
50,BRD3379_24,0.517233560090703,91,52,144,36.0,135.0,0.4197
10,BRD3379_6,0.4247732426303854,74,15,92,,,0.9854
30,BRD3379_6,0.4789115646258504,70,15,106,,,0.9179
50,BRD3379_6,0.5230045351473923,59,19,102,,,0.61
