,augur,wilcoxon,deseq2_100,edgeR_100,deseq2_200,edgeR_200,split_1,test_group
1.0,0.4796938775510204,87,106,203,45.0,183.0,10,BRD3379_24
1.0,0.5088662131519274,127,58,133,29.0,142.0,30,BRD3379_24
1.0,0.4913378684807256,81,37,105,29.0,95.0,50,BRD3379_24
1.0,0.4476530612244899,39,35,99,,,10,BRD3379_6
1.0,0.5203174603174604,72,6,38,,,30,BRD3379_6
1.0,0.5302154195011338,67,16,87,,,50,BRD3379_6
