,augur,wilcoxon,deseq2_100,edgeR_100,deseq2_200,edgeR_200,split_1,test_group
1.0,0.4942517006802721,58,60,145,39,155,10,BRD3379_24
1.0,0.509501133786848,79,36,118,28,125,30,BRD3379_24
1.0,0.4995691609977324,60,48,136,32,156,50,BRD3379_24
1.0,0.5178458049886622,141,24,101,7,60,10,BRD3379_6
1.0,0.484172335600907,57,19,74,4,46,30,BRD3379_6
1.0,0.5034920634920634,55,5,63,1,38,50,BRD3379_6
