,augur,wilcoxon,deseq2_100,edgeR_100,deseq2_200,edgeR_200,deseq2_500,edgeR_500,split_1,test_group
1.0,0.4998526077097506,82,170,218,117,154,92.0,114.0,10,24
1.0,0.4972789115646258,76,67,197,62,146,41.0,96.0,30,24
1.0,0.44218820861678,80,72,235,70,154,52.0,94.0,50,24
1.0,0.5286281179138321,108,52,134,57,115,,,10,6
1.0,0.4999319727891156,50,35,109,19,57,,,30,6
1.0,0.4855555555555556,70,37,108,14,104,,,50,6
