,augur,wilcoxon,deseq2_100,edgeR_100,deseq2_200,edgeR_200,split_1,test_group
1.0,0.4853401360544218,62,19,126,6,147,10,Idasanutlin_24
1.0,0.4841156462585034,59,16,86,7,69,30,Idasanutlin_24
1.0,0.5157823129251701,95,12,80,4,74,50,Idasanutlin_24
1.0,0.4995918367346939,78,50,99,15,126,10,Idasanutlin_6
1.0,0.5097845804988662,64,18,97,6,65,30,Idasanutlin_6
1.0,0.5238435374149659,73,17,90,3,55,50,Idasanutlin_6
