,augur,wilcoxon,deseq2_100,edgeR_100,deseq2_200,edgeR_200,split_1,test_group
1.0,0.4594784580498866,63,65,104,39.0,199.0,10,BRD3379_24
1.0,0.463922902494331,76,33,115,20.0,116.0,30,BRD3379_24
1.0,0.517233560090703,91,52,144,36.0,135.0,50,BRD3379_24
1.0,0.4247732426303854,74,15,92,,,10,BRD3379_6
1.0,0.4789115646258504,70,15,106,,,30,BRD3379_6
1.0,0.5230045351473923,59,19,102,,,50,BRD3379_6
