,augur,wilcoxon,deseq2_100,edgeR_100,deseq2_200,edgeR_200,deseq2_500,edgeR_500,split_1
1.0,0.4998526077097506,82,170,218,117,154,92,114,10
1.0,0.4972789115646258,76,67,197,62,146,41,96,30
1.0,0.44218820861678,80,72,235,70,154,52,94,50
