,augur,wilcoxon,deseq2_100,edgeR_100,deseq2_200,edgeR_200,deseq2_500,edgeR_500,split_1,test_group
1.0,0.4990929705215419,89,,,,,553.0,146.0,1,1
1.0,0.500124716553288,79,806.0,387.0,769.0,375.0,580.0,201.0,10,1
1.0,0.5198412698412698,132,373.0,307.0,215.0,225.0,105.0,191.0,30,1
1.0,0.4812244897959183,90,78.0,156.0,77.0,141.0,79.0,136.0,50,1
1.0,0.5160317460317461,103,,,,,,,1,2
1.0,0.50921768707483,66,745.0,349.0,702.0,225.0,495.0,168.0,10,2
1.0,0.4771655328798185,103,300.0,235.0,161.0,209.0,111.0,193.0,30,2
1.0,0.506156462585034,105,77.0,179.0,80.0,176.0,91.0,169.0,50,2
