,augur,wilcoxon,deseq2_100,edgeR_100,split_1,test_group
1.0,0.4806462585034014,65,29,104,10,2
1.0,0.4911111111111111,57,14,70,50,2
1.0,0.5007256235827664,97,147,144,10,1
1.0,0.5354988662131519,87,92,143,30,1
1.0,0.4981519274376417,71,59,127,50,1
1.0,0.4724263038548753,48,20,74,30,2
