,augur,wilcoxon,deseq2_100,edgeR_100,split_1,test_group
1.0,0.4770748299319727,119,143,146,10,1
1.0,0.5079931972789116,96,74,127,30,1
1.0,0.4982993197278912,72,43,133,50,1
1.0,0.5125850340136054,57,52,99,10,2
1.0,0.4778458049886622,50,26,68,30,2
1.0,0.4874376417233559,59,14,80,50,2
