,augur,wilcoxon,deseq2_100,edgeR_100,split_1,test_group
1.0,0.49359410430839,104,105,170,30,1
1.0,0.5388208616780045,104,75,164,50,1
1.0,0.5017006802721088,65,19,60,30,2
1.0,0.5257369614512472,61,161,114,10,1
1.0,0.4916326530612245,102,47,63,10,2
1.0,0.4956009070294784,57,17,69,50,2
