testgroup,reference,relative_support,time_pca,time_edist_test,distance,test_group,group_by_split,len_subset
1.0,0.0,1.0,3.0059406757354736,0.3063535690307617,0.2909032835040932,1,split_50,4797
1.0,0.0,1.0,1.6543774604797363,0.03577065467834473,1.1175423899932753,1,split_10,4797
1.0,0.0,1.0,2.530705213546753,0.1473550796508789,0.1958554534578525,1,split_30,4797
1.0,0.0,0.8227272727272728,1.8475556373596191,0.015020608901977539,2.141858820051084,2,split_50,401
1.0,0.0,1.0,0.6408777236938477,0.0012664794921875,18.901468938899313,2,split_10,401
1.0,0.0,1.0,1.7704801559448242,0.010110616683959961,4.805583540116004,2,split_30,401
