testgroup,reference,relative_support,time_pca,time_edist_test,P,P_adj
Trametinib_24,control,1,0.23125767707824707,77.58141875267029,5e-05,0.000149992500125
Trametinib_6,control,1,0.23125767707824707,77.58141875267029,5e-05,0.000149992500125
