testgroup,reference,relative_support,time_pca,time_edist_test,P,P_adj
withdraw_48h_Cocaine,Maintenance_Cocaine,1,0.4392247200012207,96.36698746681213,5e-05,0.000149992500125
withdraw_15d_Cocaine,Maintenance_Cocaine,1,0.4392247200012207,96.36698746681213,5e-05,0.000149992500125
