testgroup,reference,relative_support,time_pca,time_edist_test,P,P_adj
BRD3379_24,control,1,0.513392448425293,47.785544633865356,5e-05,0.000149992500125
BRD3379_6,control,1,0.513392448425293,47.785544633865356,5e-05,0.000149992500125
