testgroup,reference,relative_support,time_pca,time_edist_test,P,P_adj
BRD3379_24,control,0.6790540540540541,0.9101583957672119,39.910990715026855,5e-05,0.000149992500125
BRD3379_6,control,1.0,0.9101583957672119,39.910990715026855,5e-05,0.000149992500125
