testgroup,reference,relative_support,time_pca,time_edist_test,P,P_adj
withdraw_15d_Cocaine,Maintenance_Cocaine,0.26393819168928795,1.031646490097046,756.9232590198517,5e-05,0.000149992500125
withdraw_48h_Cocaine,Maintenance_Cocaine,0.7488151658767772,1.031646490097046,756.9232590198517,5e-05,0.000149992500125
