testgroup,reference,relative_support,time_pca,time_edist_test,P,P_adj
BRD3379_24,control,0.6925465838509317,0.3381819725036621,41.38689994812012,5e-05,0.000149992500125
BRD3379_6,control,1.0,0.3381819725036621,41.38689994812012,5e-05,0.000149992500125
