testgroup,reference,relative_support,time_pca,time_edist_test,P,P_adj
BRD3379_24,control,0.7518248175182481,1.0296847820281982,39.94844365119934,5e-05,0.000149992500125
BRD3379_6,control,1.0,1.0296847820281982,39.94844365119934,5e-05,0.000149992500125
