,augur,wilcoxon,deseq2_100,edgeR_100,deseq2_200,edgeR_200
10000.0,0.5003741496598639,259,169,226,152,215
10.0,0.4822675736961451,250,77,138,72,130
100.0,0.4998639455782314,94,84,126,69,110
1000.0,0.5243424036281179,128,111,156,112,152
