,augur,wilcoxon,deseq2_100,edgeR_100,deseq2_200,edgeR_200
100.0,0.48689342403628116,96,77,138,70,130
10.0,0.5069954648526077,102,44,120,53,114
10000.0,0.5263605442176871,107,70,136,55,121
1000.0,0.5109297052154195,67,26,92,38,79
