,augur,wilcoxon,deseq2_100,edgeR_100,deseq2_200,edgeR_200
10.0,0.4714172335600907,168,116,182,106,164
1000.0,0.5189002267573696,475,448,507,433,492
100.0,0.48727891156462577,189,166,243,142,203
10000.0,0.6906122448979591,1058,900,979,891,977
