,augur,wilcoxon,deseq2_100,edgeR_100,deseq2_200,edgeR_200
1000.0,0.5005328798185942,117,49,130,49,134
10.0,0.5004761904761904,103,44,107,41,97
10000.0,0.47790249433106574,126,78,156,76,155
100.0,0.49615646258503404,179,55,119,60,115
