,augur,wilcoxon,deseq2_100,edgeR_100,deseq2_200,edgeR_200
10.0,0.4796938775510204,149,104,170,95,155
10000.0,0.5010997732426303,122,84,136,74,126
1000.0,0.4645691609977324,141,85,156,88,147
100.0,0.47597505668934237,181,101,145,96,139
