,augur,wilcoxon,deseq2_100,edgeR_100,deseq2_200,edgeR_200
100.0,0.49981859410430846,275,158,204,147,195
1000.0,0.4860884353741497,157,139,204,125,191
10.0,0.46699546485260773,215,157,212,147,199
10000.0,0.503639455782313,190,167,221,160,218
