,augur,wilcoxon,deseq2_100,edgeR_100,deseq2_200,edgeR_200
10.0,0.49970521541950114,113,87,155,80,132
100.0,0.5013945578231292,114,100,170,89,150
1000.0,0.49403628117913834,173,88,155,95,152
10000.0,0.4973015873015873,93,95,142,86,125
