,augur,wilcoxon,deseq2_100,edgeR_100,deseq2_200,edgeR_200
1000.0,0.4765419501133787,133,94,152,93,146
100.0,0.4895804988662132,98,102,170,89,153
10.0,0.4656235827664399,108,90,142,90,129
10000.0,0.49722222222222223,449,300,361,288,340
