,augur,wilcoxon,deseq2_100,edgeR_100,deseq2_200,edgeR_200
10.0,0.4834013605442177,105,53,133,46,120
10000.0,0.5103514739229026,335,141,235,120,229
1000.0,0.4702607709750567,106,43,104,39,91
100.0,0.4893424036281179,88,49,99,38,89
