,augur,wilcoxon,deseq2_100,edgeR_100,deseq2_200,edgeR_200
10.0,0.48284580498866214,130,48,129,45,113
10000.0,0.5165986394557822,162,96,163,69,143
100.0,0.5402154195011338,85,49,120,36,114
1000.0,0.5063945578231293,115,57,120,45,118
