,augur,wilcoxon,deseq2_100,edgeR_100,deseq2_200,edgeR_200
10000.0,0.4899092970521542,126,40,105,42,91
10.0,0.4986507936507936,103,58,137,57,118
100.0,0.5514399092970522,131,55,135,60,131
1000.0,0.4844784580498866,118,48,136,53,119
