,augur,wilcoxon,deseq2_100,edgeR_100,deseq2_200,edgeR_200
1000.0,0.4883900226757369,230,89,142,83,132
100.0,0.4994897959183674,117,104,175,94,163
10000.0,0.48675736961451244,190,130,200,129,181
10.0,0.520907029478458,145,74,130,64,117
