,augur,wilcoxon,deseq2_100,edgeR_100,deseq2_200,edgeR_200
100.0,0.5036734693877551,99,67,140,59,136
1000.0,0.4914965986394557,83,60,114,48,111
10.0,0.5012471655328798,98,47,113,44,102
10000.0,0.4951814058956917,118,54,117,45,105
