,augur,wilcoxon,deseq2_100,edgeR_100,deseq2_200,edgeR_200
10000.0,0.45684807256235827,102,62,137,59,130
10.0,0.4793764172335601,114,80,148,78,145
100.0,0.5209977324263039,119,44,107,37,103
1000.0,0.48489795918367357,121,65,122,57,115
