,augur,wilcoxon,deseq2_100,edgeR_100,deseq2_200,edgeR_200
10000.0,0.47934240362811786,151,105,196,110,199
10.0,0.5234580498866214,100,53,136,50,124
1000.0,0.4845351473922903,108,63,146,64,143
100.0,0.5046371882086167,98,40,102,42,99
