,augur,wilcoxon,deseq2_100,edgeR_100,deseq2_200,edgeR_200
100.0,0.49120181405895685,108,77,135,70,118
1000.0,0.5048979591836735,115,109,174,101,155
10000.0,0.4961904761904762,331,100,160,90,157
10.0,0.5212244897959184,143,91,136,86,128
