,augur,wilcoxon,deseq2_100,edgeR_100,deseq2_200,edgeR_200
10.0,0.500124716553288,146,83,142,78,128
1000.0,0.5285034013605443,499,117,176,108,163
10000.0,0.503718820861678,191,95,148,84,127
100.0,0.49797052154195015,144,58,101,62,101
