,augur,wilcoxon,deseq2_100,edgeR_100,deseq2_200,edgeR_200
1000.0,0.4937528344671202,126,42,89,36,80
10000.0,0.48657596371882084,103,45,121,45,114
100.0,0.49436507936507934,90,41,113,35,100
10.0,0.4811791383219955,98,31,129,30,106
