,augur,wilcoxon,deseq2_100,edgeR_100,deseq2_200,edgeR_200
1000.0,0.4758503401360544,131,114,163,97,154
100.0,0.4639115646258503,134,110,166,100,156
10000.0,0.5289795918367346,585,548,633,543,617
10.0,0.5264852607709751,153,89,149,80,134
