,augur,wilcoxon,deseq2_100,edgeR_100,deseq2_200,edgeR_200
10000.0,0.5086621315192743,156,48,124,40,112
1000.0,0.49595238095238087,122,62,124,55,112
100.0,0.5024036281179138,123,39,115,29,99
10.0,0.47546485260770976,84,37,109,31,107
