,augur,wilcoxon,deseq2_100,edgeR_100,deseq2_200,edgeR_200
10000.0,0.5614399092970521,290,151,233,130,224
100.0,0.5117233560090703,124,68,136,72,133
10.0,0.49467120181405894,96,45,107,39,100
1000.0,0.5299433106575965,122,83,150,79,138
