,augur,wilcoxon,deseq2_100,edgeR_100,deseq2_200,edgeR_200
100.0,0.5148185941043084,190,68,138,51,131
1000.0,0.5169274376417234,123,55,121,50,114
10000.0,0.5067346938775511,103,44,97,37,87
10.0,0.48060090702947844,158,44,140,37,119
