,augur,wilcoxon,deseq2_100,edgeR_100,deseq2_200,edgeR_200
10.0,0.5145918367346938,94,30,85,33,75
100.0,0.5123809523809523,153,58,143,35,118
10000.0,0.4976077097505668,101,46,100,33,80
1000.0,0.5349092970521542,129,62,146,54,132
