,augur,wilcoxon,deseq2_100,edgeR_100,deseq2_200,edgeR_200
1000.0,0.5178458049886622,153,54,134,50,109
10000.0,0.5017800453514739,168,31,103,24,84
10.0,0.5201247165532881,102,62,138,55,119
100.0,0.5043310657596372,173,62,161,54,144
