,augur,wilcoxon,deseq2_100,edgeR_100,deseq2_200,edgeR_200
1000.0,0.49733560090702944,78,49,111,35,105
10.0,0.4873242630385487,139,44,134,45,126
100.0,0.5148639455782313,98,51,106,45,103
10000.0,0.5053628117913832,100,54,123,39,113
