,augur,wilcoxon,deseq2_100,edgeR_100,deseq2_200,edgeR_200
10.0,0.5137301587301588,119,49,119,56,117
10000.0,0.4812698412698412,107,62,130,68,135
1000.0,0.5121655328798185,107,44,110,47,95
100.0,0.4950566893424036,89,45,104,42,93
