,augur,wilcoxon,deseq2_100,edgeR_100,deseq2_200,edgeR_200
10.0,0.4935600907029479,104,48,112,45,99
1000.0,0.5141609977324263,96,44,116,42,100
100.0,0.5123356009070295,99,61,143,61,134
10000.0,0.538390022675737,251,45,125,38,107
