,augur,wilcoxon,deseq2_100,edgeR_100,deseq2_200,edgeR_200
100.0,0.4702947845804988,110,49,110,49,100
1000.0,0.505907029478458,167,72,162,82,152
10.0,0.492687074829932,113,48,122,43,110
10000.0,0.5021428571428571,138,67,130,65,129
