,augur,wilcoxon,deseq2_100,edgeR_100,deseq2_200,edgeR_200
10000.0,0.5500566893424036,180,91,188,78,161
10.0,0.5469954648526077,155,103,192,126,192
1000.0,0.5148412698412699,186,101,188,99,167
100.0,0.5467460317460318,160,118,196,119,186
