,augur,wilcoxon,deseq2_100,edgeR_100,deseq2_200,edgeR_200
100.0,0.5197165532879818,105,36,92,29,85
10000.0,0.5040589569160997,113,56,138,40,119
1000.0,0.4901587301587302,83,47,98,33,85
10.0,0.48187074829931975,104,49,116,40,108
