,test_group,reference,#DEGs,time,testgroup,group_by,len_subset
0,1.0,0,425,144.55980515480042,1,split_50,57735
0,1.0,0,385,128.66052532196045,1,split_10,57735
0,1.0,0,511,137.06020092964172,1,split_30,57735
0,1.0,0,432,125.54424118995667,2,split_50,41685
0,1.0,0,420,116.93254923820496,2,split_10,41685
0,1.0,0,461,124.919100522995,2,split_30,41685
