,augur,wilcoxon,deseq2_100,edgeR_100,deseq2_200,edgeR_200
1,0.6573922902494331,1270,1075,1155,,
2,0.8280498866213152,1212,744,797,,
