,augur,wilcoxon,deseq2_100,edgeR_100,deseq2_200,edgeR_200,deseq2_500,edgeR_500
1000.0,0.541984126984127,402,396,481,409,470,421,469
10.0,0.47642857142857137,266,223,284,238,275,244,268
100.0,0.5348866213151928,243,265,347,282,335,292,319
10000.0,0.495204081632653,939,735,839,763,830,778,818
