,augur,wilcoxon,deseq2_100,edgeR_100,deseq2_200,edgeR_200
BRD3379_24,0.6906235827664399,554,213,304,114,300
BRD3379_6,0.7305668934240362,984,213,293,132,273
