,augur,wilcoxon,deseq2_100,edgeR_100,deseq2_200,edgeR_200
withdraw_15d_Cocaine,0.7655328798185941,1021,955,1006,947,999
withdraw_48h_Cocaine,0.5508390022675738,718,565,615,540,603
