,augur,wilcoxon,deseq2_100,edgeR_100,deseq2_200,edgeR_200,deseq2_500,edgeR_500
10000.0,0.504671201814059,549,415,485,423,477,440,463
1000.0,0.5016666666666666,294,240,277,237,271,242,253
100.0,0.5286281179138321,181,148,177,151,163,157,168
10.0,0.48307256235827667,158,109,151,114,141,121,130
