,augur,wilcoxon,deseq2_100,edgeR_100,deseq2_200,edgeR_200
withdraw_15d_Cocaine,0.8418934240362812,1459,221,544,18,420
withdraw_48h_Cocaine,0.5923809523809523,275,28,139,1,89
