,augur,wilcoxon,deseq2_100,edgeR_100,deseq2_200,edgeR_200
BRD3379_24,0.7299319727891157,693,468,612,217,513
BRD3379_6,0.7631632653061223,947,239,321,113,272
