,augur,wilcoxon,deseq2_100,edgeR_100,deseq2_200,edgeR_200
BRD3379_24,0.6658503401360544,678,452,539,330,481
BRD3379_6,0.7852834467120182,1028,368,456,195,338
