,augur,wilcoxon,deseq2_100,edgeR_100,deseq2_200,edgeR_200
Trametinib_24,0.8632426303854877,1006,769,897,590,810
Trametinib_6,0.8450340136054422,1015,313,409,230,359
