,augur,wilcoxon,deseq2_100,edgeR_100,deseq2_200,edgeR_200,deseq2_500,edgeR_500
10000.0,0.5326417233560091,1055,1008,1118,1031,1106,1043,1112
10.0,0.47125850340136055,353,302,345,308,325,311,323
1000.0,0.5058390022675736,620,650,729,678,730,681,710
100.0,0.48184807256235834,422,459,514,461,512,469,490
