,augur,wilcoxon,deseq2_100,edgeR_100,deseq2_200,edgeR_200
withdraw_48h_Cocaine,0.5632426303854875,309,239,340,238,351
withdraw_15d_Cocaine,0.7520068027210886,1137,676,824,601,787
