,augur,wilcoxon,deseq2_100,edgeR_100,deseq2_200,edgeR_200
1,0.7294784580498868,1343,981,1054,,
2,0.8212925170068027,1274,809,863,,
