,augur,wilcoxon,deseq2_100,edgeR_100,deseq2_200,edgeR_200,deseq2_500,edgeR_500
24,0.6789342403628118,697,624,738,607,670,384,565
6,0.7249999999999999,856,375,444,357,423,206,346
