,augur,wilcoxon,deseq2_100,edgeR_100,deseq2_200,edgeR_200
Idasanutlin_24,0.5586281179138323,552,270,367,202,347
Idasanutlin_6,0.8015419501133786,1086,193,268,139,220
