,augur,wilcoxon,deseq2_100,edgeR_100,deseq2_200,edgeR_200
1,0.5929591836734693,1309,1055,1136,,
2,0.8314172335600908,1232,791,827,,
