,augur,wilcoxon,deseq2_100,edgeR_100,deseq2_200,edgeR_200,deseq2_500,edgeR_500
1,0.5230272108843538,1334,1169,1325,1198,1307,1226,1294
2,0.6369501133786849,1425,1281,1424,1306,1409,1334,1398
