testgroup,reference,relative_support,time_pca,time_edist_test,P,P_adj
Trametinib_24,control,1,2.227179765701294,40.033883571624756,0.0001,0.000299970001
Trametinib_6,control,1,2.227179765701294,40.033883571624756,0.0001,0.000299970001
