testgroup,reference,relative_support,time_pca,time_edist_test,P,P_adj
BRD3379_24,control,1,0.6940915584564209,27.35343313217163,0.0001,0.000299970001
BRD3379_6,control,1,0.6940915584564209,27.35343313217163,0.0001,0.000299970001
