,augur,wilcoxon,deseq2_100,edgeR_100,deseq2_200,edgeR_200
10000.0,0.5139795918367347,280,173,233,177,215
10.0,0.5097052154195011,143,96,144,97,124
100.0,0.5009297052154195,152,114,173,120,152
1000.0,0.46595238095238095,176,116,175,124,165
