,augur,wilcoxon,deseq2_100,edgeR_100,deseq2_200,edgeR_200
10000.0,0.5214512471655329,177,110,190,98,166
1000.0,0.48345804988662133,128,117,205,109,184
100.0,0.5067346938775511,104,56,146,66,132
10.0,0.49787981859410435,99,63,156,53,128
