,augur,wilcoxon,deseq2_100,edgeR_100,deseq2_200,edgeR_200
1000.0,0.4998979591836734,503,479,545,479,537
100.0,0.5373356009070295,287,260,338,270,312
10.0,0.5246938775510205,190,157,219,169,193
10000.0,0.5454081632653061,750,698,788,701,777
