,augur,wilcoxon,deseq2_100,edgeR_100,deseq2_200,edgeR_200
10.0,0.5105668934240363,174,91,184,81,155
10000.0,0.48404761904761906,170,66,155,74,140
100.0,0.5116893424036281,120,74,156,76,139
1000.0,0.5087528344671203,189,78,160,78,148
