,augur,wilcoxon,deseq2_100,edgeR_100,deseq2_200,edgeR_200
1000.0,0.5044331065759637,108,75,182,60,147
10000.0,0.5989795918367347,367,313,438,291,419
100.0,0.5040702947845804,103,63,162,59,141
10.0,0.4690816326530613,96,61,178,59,151
