,augur,wilcoxon,deseq2_100,edgeR_100,deseq2_200,edgeR_200
100.0,0.48636054421768704,187,179,247,177,242
10.0,0.5131632653061224,229,248,328,242,311
10000.0,0.5121201814058957,365,385,455,382,447
1000.0,0.492936507936508,283,189,278,180,260
