,augur,wilcoxon,deseq2_100,edgeR_100,deseq2_200,edgeR_200
10.0,0.5371882086167801,401,355,464,374,448
100.0,0.48749433106575957,485,465,587,481,569
1000.0,0.5130725623582767,633,602,753,637,741
10000.0,0.5085147392290249,933,904,1034,933,1025
