,augur,wilcoxon,deseq2_100,edgeR_100,deseq2_200,edgeR_200
1000.0,0.4914399092970521,125,111,248,110,221
10.0,0.5077210884353741,176,78,210,76,189
100.0,0.5168140589569161,85,94,213,85,192
10000.0,0.5175056689342403,145,124,246,125,230
