,augur,wilcoxon,deseq2_100,edgeR_100,deseq2_200,edgeR_200
1000.0,0.5432879818594104,1051,283,351,295,328
10.0,0.4984467120181406,535,204,249,199,239
10000.0,0.5106916099773243,860,451,521,451,498
100.0,0.5317800453514739,800,220,288,229,266
