,augur,wilcoxon,deseq2_100,edgeR_100,deseq2_200,edgeR_200
10.0,0.5196485260770976,157,45,118,39,110
100.0,0.5205442176870748,141,44,116,39,102
1000.0,0.5381632653061225,151,57,137,46,127
10000.0,0.4960997732426303,148,97,164,68,153
