,augur,wilcoxon,deseq2_100,edgeR_100,deseq2_200,edgeR_200
100.0,0.4879591836734694,74,38,121,29,111
1000.0,0.48509070294784584,97,67,156,53,128
10000.0,0.5272675736961452,141,106,206,82,181
10.0,0.48750566893424035,90,62,159,59,138
