,augur,wilcoxon,deseq2_100,edgeR_100,deseq2_200,edgeR_200
10.0,0.5045804988662131,116,102,213,107,199
10000.0,0.5148299319727891,672,393,530,395,519
100.0,0.5107596371882086,156,115,243,117,225
1000.0,0.5037528344671202,172,181,286,183,271
