,augur,wilcoxon,deseq2_100,edgeR_100,deseq2_200,edgeR_200
1000.0,0.49951247165532886,241,195,318,179,306
100.0,0.49997732426303854,191,167,292,163,270
10000.0,0.51718820861678,292,232,346,218,330
10.0,0.5067913832199546,193,171,300,164,271
