,augur,wilcoxon,deseq2_100,edgeR_100,deseq2_200,edgeR_200
10.0,0.46316326530612245,128,99,236,92,213
100.0,0.5228911564625851,139,97,220,88,206
1000.0,0.48085034013605443,169,112,240,109,218
10000.0,0.5277097505668934,307,266,392,255,375
