,augur,wilcoxon,deseq2_100,edgeR_100,deseq2_200,edgeR_200
10.0,0.5042290249433106,103,51,131,35,104
100.0,0.5036848072562359,109,64,161,53,136
1000.0,0.5079931972789116,117,49,134,42,111
10000.0,0.4819954648526077,82,61,165,51,142
