,augur,wilcoxon,deseq2_100,edgeR_100,deseq2_200,edgeR_200
100.0,0.46916099773242625,676,528,606,531,601
10.0,0.5062131519274377,630,423,530,431,523
1000.0,0.5216439909297051,941,844,957,857,944
10000.0,0.5827891156462585,1124,989,1105,1011,1098
