,augur,wilcoxon,deseq2_100,edgeR_100,deseq2_200,edgeR_200
10.0,0.512766439909297,172,61,145,55,120
100.0,0.49235827664399096,114,65,147,53,121
1000.0,0.5208616780045351,83,36,130,43,118
10000.0,0.5141043083900227,148,40,114,37,91
