,augur,wilcoxon,deseq2_100,edgeR_100,deseq2_200,edgeR_200
10.0,0.4887641723356009,288,182,289,200,273
100.0,0.5022448979591837,158,156,273,175,255
1000.0,0.5047959183673469,198,211,301,215,298
10000.0,0.5308616780045351,969,518,592,524,573
