,augur,wilcoxon,deseq2_100,edgeR_100,deseq2_200,edgeR_200
10.0,0.4902267573696145,137,133,231,141,218
1000.0,0.4926643990929705,202,219,305,236,303
100.0,0.5180498866213152,176,184,274,193,259
10000.0,0.5158276643990929,617,531,662,545,638
