,augur,wilcoxon,deseq2_100,edgeR_100,deseq2_200,edgeR_200
10.0,0.5084353741496599,327,100,214,106,207
100.0,0.5074036281179137,496,134,211,138,193
1000.0,0.5173356009070295,602,117,197,122,184
10000.0,0.5120408163265306,819,118,195,118,184
