,augur,wilcoxon,deseq2_100,edgeR_100,deseq2_200,edgeR_200
1000.0,0.5193537414965986,120,54,139,48,111
10.0,0.5041496598639456,86,41,155,39,110
100.0,0.5287981859410431,131,52,131,46,112
10000.0,0.5139115646258504,88,58,153,47,120
