,augur,wilcoxon,deseq2_100,edgeR_100,deseq2_200,edgeR_200
10.0,0.5142743764172336,356,89,160,91,152
100.0,0.5083786848072562,321,334,391,326,380
1000.0,0.5401587301587302,569,551,638,543,633
10000.0,0.5403628117913831,936,813,936,799,918
