,augur,wilcoxon,deseq2_100,edgeR_100,deseq2_200,edgeR_200
100.0,0.4940589569160997,930,471,544,476,537
1000.0,0.5155328798185941,1045,552,651,551,622
10000.0,0.5443197278911565,1282,609,699,612,684
10.0,0.524297052154195,838,366,453,366,437
