,augur,wilcoxon,deseq2_100,edgeR_100,deseq2_200,edgeR_200
10.0,0.52921768707483,87,60,155,50,143
10000.0,0.520374149659864,203,99,192,92,190
1000.0,0.5251927437641722,122,71,165,70,141
100.0,0.49116780045351477,82,60,132,49,114
