,augur,wilcoxon,deseq2_100,edgeR_100,deseq2_200,edgeR_200
10.0,0.49529478458049886,368,367,421,356,415
10000.0,0.49477324263038547,516,557,626,532,601
100.0,0.4792063492063492,385,381,431,378,417
1000.0,0.5180385487528345,390,380,453,371,440
