,augur,wilcoxon,deseq2_100,edgeR_100,deseq2_200,edgeR_200
1000.0,0.506609977324263,199,153,262,143,244
10.0,0.5094784580498866,96,61,180,58,172
100.0,0.5131519274376417,105,85,193,90,176
10000.0,0.5699659863945579,669,548,746,541,717
