,augur,wilcoxon,deseq2_100,edgeR_100,deseq2_200,edgeR_200
1000.0,0.5232312925170067,332,217,298,218,275
10.0,0.5025963718820862,193,141,241,144,227
100.0,0.4994671201814059,283,181,263,175,244
10000.0,0.5459637188208617,534,407,510,407,489
