,augur,wilcoxon,deseq2_100,edgeR_100,deseq2_200,edgeR_200
100.0,0.4751020408163265,123,123,222,116,211
10000.0,0.499501133786848,138,114,205,112,188
1000.0,0.5119274376417233,145,122,227,112,197
10.0,0.48751700680272114,107,81,187,87,166
