,augur,wilcoxon,deseq2_100,edgeR_100,deseq2_200,edgeR_200
1000.0,0.4807596371882086,249,105,206,98,192
10.0,0.4924036281179138,368,81,154,70,143
100.0,0.48724489795918374,101,117,198,109,188
10000.0,0.5134580498866214,129,118,195,105,185
