,augur,wilcoxon,deseq2_100,edgeR_100,deseq2_200,edgeR_200
100.0,0.510498866213152,110,75,156,65,133
10000.0,0.4850680272108843,186,105,201,90,189
1000.0,0.5231179138321996,140,112,222,92,200
10.0,0.4843650793650793,167,91,217,88,191
