,augur,wilcoxon,deseq2_100,edgeR_100,deseq2_200,edgeR_200
10000.0,0.5052834467120181,110,68,144,69,130
1000.0,0.5034807256235827,106,68,133,55,106
10.0,0.5010544217687074,142,80,174,80,152
100.0,0.5294104308390023,153,85,166,80,142
