,augur,wilcoxon,deseq2_100,edgeR_100,deseq2_200,edgeR_200
100.0,0.5179705215419501,193,123,219,118,202
10000.0,0.5511337868480726,303,239,330,226,302
1000.0,0.49324263038548755,218,149,247,130,218
10.0,0.49289115646258497,185,109,220,103,203
