,augur,wilcoxon,deseq2_100,edgeR_100,deseq2_200,edgeR_200
100.0,0.4861678004535148,117,83,178,82,154
10.0,0.528639455782313,155,83,197,76,170
10000.0,0.5048412698412698,475,243,349,238,321
1000.0,0.525702947845805,119,94,197,80,167
