,augur,wilcoxon,deseq2_100,edgeR_100,deseq2_200,edgeR_200
1000.0,0.502936507936508,467,432,498,431,492
10000.0,0.5055328798185941,491,454,528,449,510
10.0,0.48861678004535153,563,274,335,281,325
100.0,0.47315192743764173,363,357,407,350,398
