,augur,wilcoxon,deseq2_100,edgeR_100,deseq2_200,edgeR_200
1000.0,0.47569160997732424,208,258,311,264,300
10.0,0.4929024943310658,305,113,148,115,137
10000.0,0.5170068027210885,298,362,416,365,398
100.0,0.5105328798185941,213,199,245,199,231
