,augur,wilcoxon,deseq2_100,edgeR_100,deseq2_200,edgeR_200
1000.0,0.4851473922902494,113,53,157,44,151
100.0,0.5246825396825396,95,36,114,22,100
10.0,0.4972902494331066,87,29,86,23,69
10000.0,0.4907709750566894,90,26,97,16,84
