,augur,wilcoxon,deseq2_100,edgeR_100,deseq2_200,edgeR_200
100.0,0.5010090702947846,220,243,304,240,292
10.0,0.4739002267573696,190,189,231,190,225
1000.0,0.47975056689342405,455,403,473,402,459
10000.0,0.49562358276643986,873,875,939,883,936
