,augur,wilcoxon,deseq2_100,edgeR_100,deseq2_200,edgeR_200
10000.0,0.5090816326530612,378,216,288,214,276
10.0,0.5206235827664399,640,213,255,197,247
100.0,0.5113378684807257,198,219,288,232,275
1000.0,0.4784126984126984,430,214,264,208,256
