,augur,wilcoxon,deseq2_100,edgeR_100,deseq2_200,edgeR_200
10000.0,0.5196938775510204,125,53,157,50,131
1000.0,0.5163832199546485,87,38,141,37,109
10.0,0.5025736961451247,96,42,127,37,105
100.0,0.49773242630385484,151,44,122,48,104
