,augur,wilcoxon,deseq2_100,edgeR_100,deseq2_200,edgeR_200
100.0,0.4973469387755102,216,302,354,302,339
1000.0,0.4946938775510204,457,480,531,479,524
10.0,0.5060544217687075,190,178,234,175,217
10000.0,0.5008049886621315,713,770,829,757,821
