,augur,wilcoxon,deseq2_100,edgeR_100,deseq2_200,edgeR_200
100.0,0.4964965986394558,118,106,164,95,153
1000.0,0.5125056689342404,348,133,185,127,166
10.0,0.5014512471655328,150,84,133,70,123
10000.0,0.5114965986394558,329,181,233,165,225
