,augur,wilcoxon,deseq2_100,edgeR_100,deseq2_200,edgeR_200
100.0,0.48918367346938774,251,233,297,219,279
1000.0,0.5054308390022676,724,226,293,214,272
10000.0,0.5093310657596372,278,279,352,272,345
10.0,0.5120068027210884,264,188,255,179,246
