,augur,wilcoxon,deseq2_100,edgeR_100,deseq2_200,edgeR_200
1000.0,0.5283106575963719,340,177,288,165,271
10000.0,0.527437641723356,383,220,322,201,295
100.0,0.508718820861678,295,145,240,139,231
10.0,0.49624716553287973,219,172,304,159,293
