,augur,wilcoxon,deseq2_100,edgeR_100,deseq2_200,edgeR_200
1000.0,0.4765986394557823,1172,930,1051,957,1054
10.0,0.4895011337868481,441,433,518,436,487
10000.0,0.5158730158730159,1421,1234,1355,1252,1363
100.0,0.5036507936507937,907,657,762,679,739
