,augur,wilcoxon,deseq2_100,edgeR_100,deseq2_200,edgeR_200
10000.0,0.5021655328798186,444,466,522,444,509
10.0,0.4885714285714286,111,93,149,85,141
100.0,0.5091836734693878,117,115,180,115,174
1000.0,0.5081292517006802,304,232,306,232,294
