,augur,wilcoxon,deseq2_100,edgeR_100,deseq2_200,edgeR_200
10000.0,0.5368253968253969,446,306,353,284,330
10.0,0.5023922902494331,101,80,153,85,129
1000.0,0.5101133786848072,136,134,194,132,185
100.0,0.5090589569160998,108,85,150,88,139
