,augur,wilcoxon,deseq2_100,edgeR_100,deseq2_200,edgeR_200
10.0,0.4777324263038548,376,289,389,295,368
10000.0,0.5935714285714286,726,619,717,622,687
1000.0,0.5513832199546485,806,747,816,741,778
100.0,0.5538548752834467,574,478,564,467,534
