,augur,wilcoxon,deseq2_100,edgeR_100,deseq2_200,edgeR_200
100.0,0.48950113378684806,114,75,186,66,164
10.0,0.5025510204081634,92,66,200,58,173
10000.0,0.5000566893424037,160,75,181,63,163
1000.0,0.49395691609977327,117,86,187,72,172
