,augur,wilcoxon,deseq2_100,edgeR_100,deseq2_200,edgeR_200
1000.0,0.5074263038548752,120,42,116,25,109
10000.0,0.45595238095238094,81,43,115,37,110
10.0,0.5147052154195012,97,40,107,23,94
100.0,0.46103174603174607,86,48,120,36,112
