,augur,wilcoxon,deseq2_100,edgeR_100,deseq2_200,edgeR_200
100.0,0.475,136,161,230,156,214
10000.0,0.5214285714285715,445,438,524,429,500
10.0,0.4986167800453514,229,163,248,158,243
1000.0,0.49251700680272104,452,185,259,184,235
