,augur,wilcoxon,deseq2_100,edgeR_100,deseq2_200,edgeR_200
10.0,0.47378684807256244,456,180,237,183,220
10000.0,0.5192630385487529,828,867,932,868,918
1000.0,0.49707482993197283,441,394,446,385,426
100.0,0.4975396825396825,240,277,317,276,312
