,augur,wilcoxon,deseq2_100,edgeR_100,deseq2_200,edgeR_200
100.0,0.49565759637188217,247,94,160,92,145
1000.0,0.48930839002267584,253,107,178,93,155
10.0,0.5115419501133787,244,85,135,89,133
10000.0,0.5144557823129251,131,96,150,98,142
