,augur,wilcoxon,deseq2_100,edgeR_100,deseq2_200,edgeR_200
100.0,0.5041156462585035,146,131,241,134,221
10000.0,0.49887755102040826,370,360,447,362,437
1000.0,0.5167687074829932,189,183,312,183,289
10.0,0.49038548752834465,117,112,223,126,208
