,augur,wilcoxon,deseq2_100,edgeR_100,deseq2_200,edgeR_200
10.0,0.5033673469387755,198,74,137,78,126
100.0,0.508140589569161,114,92,154,96,140
1000.0,0.509546485260771,166,137,206,131,184
10000.0,0.5084807256235828,463,374,457,374,441
