,augur,wilcoxon,deseq2_100,edgeR_100,deseq2_200,edgeR_200
1000.0,0.5033446712018141,194,113,208,87,191
10000.0,0.526689342403628,221,85,186,70,141
10.0,0.47394557823129246,97,71,150,61,130
100.0,0.5031972789115646,100,49,153,44,121
