,augur,wilcoxon,deseq2_100,edgeR_100,deseq2_200,edgeR_200
10000.0,0.48687074829931976,942,938,979,926,969
100.0,0.4942630385487528,778,591,647,595,627
1000.0,0.48529478458049885,1011,706,767,701,744
10.0,0.511984126984127,839,535,586,538,579
