,augur,wilcoxon,deseq2_100,edgeR_100,deseq2_200,edgeR_200
10000.0,0.5005102040816326,78,76,130,74,127
100.0,0.49622448979591843,83,88,136,71,119
10.0,0.49323129251700676,134,82,135,69,125
1000.0,0.48800453514739234,142,106,169,91,157
