,augur,wilcoxon,deseq2_100,edgeR_100,deseq2_200,edgeR_200
10.0,0.5223015873015873,170,54,153,51,136
10000.0,0.4939569160997732,112,53,139,58,111
1000.0,0.4766099773242631,87,43,136,39,111
100.0,0.4875283446712018,114,45,146,54,135
