,augur,wilcoxon,deseq2_100,edgeR_100,deseq2_200,edgeR_200
10000.0,0.5129138321995466,113,43,112,31,90
100.0,0.5070294784580498,110,41,108,30,93
1000.0,0.5131746031746032,94,51,101,29,86
10.0,0.5012585034013605,86,47,125,37,115
