,augur,wilcoxon,deseq2_100,edgeR_100,deseq2_200,edgeR_200
1000.0,0.5385600907029479,1240,1185,1278,1212,1272
100.0,0.48162131519274376,999,954,1044,958,1023
10000.0,0.5855442176870749,1464,1324,1397,1321,1389
10.0,0.5190362811791384,766,767,811,768,809
