,pvalue_adj,split_1,split_2
1,0.00019999,10,10
1,0.00019999,10,30
1,0.00019999,10,50
1,0.00019999,30,10
1,0.00019999,30,30
2,0.00019999,10,10
2,0.00019999,10,30
2,0.00019999,10,50
2,0.00019999,30,10
1,0.00019999,30,50
1,0.00019999,50,10
2,0.00019999,30,30
1,0.00019999,50,30
1,0.00019999,50,50
2,0.00019999,30,50
2,0.00019999,50,10
2,0.00019999,50,30
2,0.00019999,50,50
