p_value,a1,E,var,z_score,coverage,effect_strength_ratio,testgroup,reference,k,time_test
0.0,1107,2317.057907972541,729.5819850438606,-44.79908082101544,0.9997961541074948,0.5222389582103104,1,0,100,94.90090370178223
8.971890719833136e-147,123,337.14188357007964,18.613370743797496,-49.63512323370639,0.9997537552327013,0.6351684379955339,2,0,100,59.107903242111206
