p_value,a1,E,var,z_score,coverage,effect_strength_ratio,testgroup,reference,k,time_test
9.918316333119805e-148,699,1162.4675710692782,205.83404012754605,-32.30433108003278,0.999847607436757,0.398692903444149,1,0,100,64.90705156326294
7.57666962526228e-85,173,320.126387632596,16.804141404895553,-35.890739625896224,0.9998355804011838,0.4595884416796363,2,0,100,56.03971982002258
