p_value,a1,E,var,z_score,relative_support,effect_size,testgroup,reference,k,time_test
3.4785784757149216e-193,2275,3412.4757923858783,1400.490653573202,-30.394993539782398,0.9997594997594997,0.333328604095561,1,0,100,94.31067419052124
2.5415344797997535e-185,121,387.88792610152865,24.53914729609082,-53.876477479781634,0.9998365478914678,0.6880542242804213,2,0,100,61.45567059516907
