testgroup,reference,relative_support,time_pca,time_edist_test,distance
1,control,1,23.44045376777649,69.64700293540955,17.054053114471458
2,control,1,23.44045376777649,38.88953423500061,46.032935584445056
