testgroup,reference,relative_support,time_pca,time_edist_test,distance
1,0,0.12074947952810548,3.763127565383911,0.04761052131652832,46.50783212280413
2,0,1.0,3.763127565383911,0.008459329605102539,170.65194501192065
