testgroup,reference,relative_support,time_pca,time_edist_test,distance
1,0,0.08359391286220555,3.034142017364502,0.04943728446960449,54.960946391262354
2,0,1.0,3.034142017364502,0.024516582489013672,218.9982104557828
