testgroup,reference,relative_support,time_pca,time_edist_test,distance
1,0,1,8.755218744277954,2.5260579586029053,60.19182458773767
2,0,1,8.755218744277954,1.828470230102539,189.98967351309514
