testgroup,reference,relative_support,time_pca,time_edist_test,distance
1,0,1,8.36279582977295,2.088671922683716,109.14188215437511
2,0,1,8.36279582977295,1.8238799571990967,208.4568028852532
