testgroup,reference,relative_support,time_pca,time_edist_test,distance
1,0,1,8.403723001480103,3.1847376823425293,40.64567430947258
2,0,1,8.403723001480103,1.8253109455108643,199.99744068520837
